{"SARS-CoV2 Nsp1": ["POLA1", "PRIM1", "PRIM2", "POLA2", "COLGALT1", "PKP2"], "SARS-CoV2 Nsp2": ["SLC27A2", "EIF4E2", "POR", "RAP1GDS1", "WASHC4", "FKBP15", "GIGYF2"], "SARS-CoV2 Nsp3": [], "SARS-CoV2 Nsp4": ["IDE", "TIMM10", "ALG11", "NUP210", "TIMM29", "DNAJC11", "TIMM10B", "TIMM9"], "SARS-CoV2 Nsp5": ["HDAC2"], "SARS-CoV2 Nsp5_C145A": ["GPX1", "TRMT1"], "SARS-CoV2 Nsp6": ["ATP5MG", "ATP6AP1", "SIGMAR1", "ATP13A3"], "SARS-CoV2 Nsp7": ["AGPS", "CYB5B", "ACSL3", "CYB5R3", "RALA", "COMT", "RAB5C", "RAB7A", "RAB8A", "RAB2A", "RAB10", "RAB14", "RHOA", "RAB1A", "GNB1", "GNG5", "LMAN2", "MOGS", "TOR1AIP1", "MTARC1", "QSOX2", "HS2ST1", "NDUFAF2", "SCCPDH", "SCARB1", "NAT14", "DCAKD", "FAM162A", "DNAJC19", "SELENOS", "PTGES2", "RAB18"], "SARS-CoV2 Nsp8": ["MPHOSPH10", "SRP72", "ATE1", "NSD2", "SRP19", "SRP54", "MRPS25", "DDX10", "LARP7", "MEPCE", "NGDN", "EXOSC8", "NARS2", "NOL10", "CCDC86", "SEPSECS", "EXOSC5", "EXOSC3", "AATF", "HECTD1", "MRPS2", "MRPS5", "EXOSC2", "MRPS27"], "SARS-CoV2 Nsp9": ["GTF2F2", "FBN1", "FBN2", "NUP214", "NUP62", "DCAF7", "EIF4H", "NUP54", "MIB1", "SPART", "NEK9", "ZNF503", "NUP88", "NUP58", "MAT2B", "FBLN5"], "SARS-CoV2 Nsp10": ["AP2A2", "GFER", "ERGIC1", "AP2M1", "GRPEL1"], "SARS-CoV2 Nsp11": ["TBCA"], "SARS-CoV2 Nsp12": ["SBNO1", "BCKDK", "AKAP8", "MYCBP2", "SLU7", "RIPK1", "UBAP2L", "TYSND1", "PDZD11", "PRRC2B", "UBAP2", "ZNF318", "CRTC3", "USP54", "ZC3H7A", "LARP4B", "RBM41", "TCF12", "PPIL3", "PLEKHA5"], "SARS-CoV2 Nsp13": ["TBKBP1", "CIT", "HSBP1", "PCNT", "CEP43", "PRKAR2A", "PRKACA", "PRKAR2B", "RDX", "CENPF", "TLE1", "TLE3", "TLE5", "GOLGA3", "GOLGA2", "GOLGB1", "GRIPAP1", "CEP350", "PDE4DIP", "CEP135", "CEP68", "CNTRL", "ERC1", "GCC2", "CLIP4", "NIN", "CEP112", "MIPOL1", "USP13", "GCC1", "JAKMIP1", "CDK5RAP2", "AKAP9", "GORASP1", "FYCO1", "C1orf50", "CEP250", "TBK1", "HOOK1", "NINL"], "SARS-CoV2 Nsp14": ["GLA", "IMPDH2", "SIRT5"], "SARS-CoV2 Nsp15": ["NUTF2", "ARF6", "RNF41"], "SARS-CoV2 Spike": ["GOLGA7", "ZDHHC5"], "SARS-CoV2 ORF3a": ["HMOX1", "TRIM59", "ARL6IP6", "VPS39", "CLCC1", "VPS11", "SUN2", "ALG5"], "SARS-CoV2 ORF3b": ["STOML2"], "SARS-CoV2 E": ["AP3B1", "BRD4", "BRD2", "CWC27", "ZC3H18", "SLC44A2"], "SARS-CoV2 M": ["PMPCB", "YIF1A", "ATP1B1", "ACADM", "ETFA", "STOM", "GGCX", "ATP6V1A", "PSMD8", "REEP5", "PMPCA", "ANO6", "PITRM1", "SLC30A9", "FASTKD5", "SLC30A7", "TUBGCP3", "COQ8B", "SAAL1", "REEP6", "INTS4", "SLC25A21", "TUBGCP2", "TARS2", "RTN4", "FAM8A1", "AASS", "AKAP8L", "AAR2", "BZW2"], "SARS-CoV2 ORF6": ["NUP98", "RAE1", "MTCH1"], "SARS-CoV2 ORF7a": ["HEATR3", "MDN1"], "SARS-CoV2 ORF8": ["PLOD2", "TOR1A", "STC2", "PLAT", "ITGB1", "CISD3", "COL6A1", "PVR", "DNMT1", "LOX", "PCSK6", "INHBE", "NPC2", "MFGE8", "OS9", "NPTX1", "POGLUT2", "POGLUT3", "ERO1B", "PLD3", "FOXRED2", "CHPF", "PUSL1", "EMC1", "GGH", "ERLEC1", "IL17RA", "NGLY1", "HS6ST2", "SDF2", "NEU1", "GDF15", "TM2D3", "ERP44", "EDEM3", "SIL1", "POFUT1", "SMOC1", "PLEKHF2", "FBXL12", "UGGT2", "CHPF2", "ADAMTS1", "HYOU1", "FKBP7", "ADAM9", "FKBP10"], "SARS-CoV2 ORF9b": ["SLC9A3R1", "CHMP2A", "CSDE1", "TOMM70", "MARK3", "MARK2", "DPH5", "DCTPP1", "MARK1", "PTBP2", "BAG5"], "SARS-CoV2 ORF9c": ["UBXN8", "GPAA1", "WFS1", "ABCC1", "F2RL1", "SCAP", "DPY19L1", "TMEM97", "SLC30A6", "TAPT1", "ERMP1", "NLRX1", "RETREG3", "PIGO", "FAR2", "ECSIT", "ALG8", "TMEM39B", "GHITM", "ACAD9", "NDFIP2", "BCS1L", "NDUFAF1", "TMED5", "NDUFB9", "PIGS"], "SARS-CoV2 N": ["RRP9", "PABPC1", "CSNK2A2", "CSNK2B", "G3BP1", "PABPC4", "LARP1", "FAM98A", "SNIP1", "UPF1", "MOV10", "G3BP2", "DDX21", "RBM28", "RPL36"], "SARS-CoV2 ORF10": ["PPT1", "CUL2", "MAP7D1", "THTPA", "ZYG11B", "TIMM8B", "RBX1", "ELOC", "ELOB"]}