{"SARS-CoV2 Nsp2": [], "SARS-CoV2 Nsp7": ["IMMUNE EFFECTOR PROCESS", "HUMORAL IMMUNE RESPONSE", "CELL ACTIVATION", "SECRETION", "REGULATION OF IMMUNE SYSTEM PROCESS", "DEFENSE RESPONSE", "RESPONSE TO BIOTIC STIMULUS", "ADAPTIVE IMMUNE RESPONSE", "BIOLOGICAL PROCESS INVOLVED IN SYMBIOTIC INTERACTION", "PHAGOCYTOSIS", "CYTOKINE PRODUCTION", "LEUKOCYTE MIGRATION", "REGULATION OF RESPONSE TO EXTERNAL STIMULUS", "PROTEOLYSIS", "ENDOPLASMIC RETICULUM TUBULAR NETWORK ORGANIZATION", "TAXIS", "CELLULAR ION HOMEOSTASIS", "POLARIZED EPITHELIAL CELL DIFFERENTIATION", "PHOSPHOLIPASE C ACTIVATING G PROTEIN COUPLED RECEPTOR SIGNALING PATHWAY", "REGULATION OF HYDROLASE ACTIVITY", "POSITIVE REGULATION OF CELL CELL ADHESION", "REGULATION OF TRANSPORT", "REGULATION OF MULTICELLULAR ORGANISMAL DEVELOPMENT", "CYTOLYSIS"], "SARS-CoV2 Nsp12": ["APOPTOTIC PROCESS", "I KAPPAB KINASE NF KAPPAB SIGNALING", "NECROTIC CELL DEATH", "REGULATION OF CELL DEATH", "PATTERN RECOGNITION RECEPTOR SIGNALING PATHWAY", "POSITIVE REGULATION OF SIGNALING", "POSITIVE REGULATION OF PROTEIN METABOLIC PROCESS", "POSITIVE REGULATION OF MOLECULAR FUNCTION", "PROTEOLYSIS", "REGULATION OF HYDROLASE ACTIVITY", "CYTOKINE PRODUCTION", "RESPONSE TO BIOTIC STIMULUS", "RESPONSE TO OXYGEN CONTAINING COMPOUND", "PROTEIN MATURATION", "REGULATION OF INTRACELLULAR SIGNAL TRANSDUCTION", "DEFENSE RESPONSE", "CELLULAR RESPONSE TO ABIOTIC STIMULUS", "NEURON DEATH", "PYROPTOSIS", "AMYLOID FIBRIL FORMATION", "REGULATION OF DNA BINDING TRANSCRIPTION FACTOR ACTIVITY", "CELL KILLING", "REGULATION OF IMMUNE SYSTEM PROCESS", "IMMUNE SYSTEM DEVELOPMENT", "RESPONSE TO MECHANICAL STIMULUS", "RESPONSE TO CYTOKINE", "REACTIVE OXYGEN SPECIES METABOLIC PROCESS", "CELLULAR RESPONSE TO EXTERNAL STIMULUS", "LYMPHOCYTE ACTIVATION", "LEUKOCYTE PROLIFERATION", "CELLULAR EXTRAVASATION", "NEGATIVE REGULATION OF SIGNALING", "REGULATION OF RESPONSE TO STRESS", "LEUKOCYTE HOMEOSTASIS", "T CELL MEDIATED IMMUNITY", "NEGATIVE REGULATION OF RESPONSE TO STIMULUS", "LYMPHOCYTE MIGRATION", "BIOLOGICAL PROCESS INVOLVED IN SYMBIOTIC INTERACTION", "REGULATION OF RESPONSE TO EXTERNAL STIMULUS"], "SARS-CoV2 Nsp13": ["CYTOKINE PRODUCTION", "REGULATION OF RESPONSE TO CYTOKINE STIMULUS", "REGULATION OF RESPONSE TO EXTERNAL STIMULUS", "PATTERN RECOGNITION RECEPTOR SIGNALING PATHWAY", "I KAPPAB KINASE NF KAPPAB SIGNALING", "MACROAUTOPHAGY", "REGULATION OF RESPONSE TO STRESS", "PEPTIDYL SERINE MODIFICATION", "PROTEIN INSERTION INTO MITOCHONDRIAL INNER MEMBRANE", "REGULATION OF IMMUNE SYSTEM PROCESS", "RESPONSE TO BIOTIC STIMULUS"], "SARS-CoV2 Nsp14": ["GLYCOSYL COMPOUND METABOLIC PROCESS", "INFLAMMATORY RESPONSE TO ANTIGENIC STIMULUS", "NUCLEOSIDE MONOPHOSPHATE METABOLIC PROCESS", "RESPONSE TO CYTOKINE", "NUCLEOSIDE TRIPHOSPHATE METABOLIC PROCESS", "NUCLEOBASE CONTAINING SMALL MOLECULE BIOSYNTHETIC PROCESS", "MYELOID LEUKOCYTE MEDIATED IMMUNITY", "CELL ACTIVATION", "SECRETION"], "SARS-CoV2 ORF3a": ["ORGANELLE LOCALIZATION", "ORGANELLE FUSION", "MEMBRANE DOCKING", "RESPONSE TO CYTOKINE", "VESICLE ORGANIZATION", "SECRETION", "POSITIVE REGULATION OF SIGNALING", "VESICLE MEDIATED TRANSPORT TO THE PLASMA MEMBRANE", "PROTEIN LOCALIZATION TO MEMBRANE", "MEMBRANE ORGANIZATION", "VESICLE MEDIATED TRANSPORT IN SYNAPSE"], "SARS-CoV2 M": ["IMMUNE EFFECTOR PROCESS", "HUMORAL IMMUNE RESPONSE", "REGULATION OF IMMUNE SYSTEM PROCESS", "DEFENSE RESPONSE", "ADAPTIVE IMMUNE RESPONSE", "RESPONSE TO BIOTIC STIMULUS", "CELL ACTIVATION", "CELL KILLING", "REGULATION OF RESPONSE TO EXTERNAL STIMULUS", "SECRETION", "CYTOKINE PRODUCTION", "LEUKOCYTE PROLIFERATION", "CYTOLYSIS", "NEGATIVE REGULATION OF PROTEOLYSIS", "BIOLOGICAL PROCESS INVOLVED IN SYMBIOTIC INTERACTION", "REGULATION OF CELL CELL ADHESION", "REGULATION OF PEPTIDASE ACTIVITY", "NEGATIVE REGULATION OF HYDROLASE ACTIVITY", "CELL CHEMOTAXIS", "LEUKOCYTE MIGRATION", "POSITIVE REGULATION OF VASCULATURE DEVELOPMENT", "LEUKOCYTE CELL CELL ADHESION", "PHAGOCYTOSIS", "POSITIVE REGULATION OF GENE EXPRESSION", "MONONUCLEAR CELL DIFFERENTIATION", "PHOSPHOLIPASE C ACTIVATING G PROTEIN COUPLED RECEPTOR SIGNALING PATHWAY", "POSITIVE REGULATION OF TRANSPORT", "POSITIVE REGULATION OF CELL ADHESION", "CELLULAR HOMEOSTASIS", "POSITIVE REGULATION OF CELL POPULATION PROLIFERATION", "SALIVARY GLAND DEVELOPMENT"], "SARS-CoV2 ORF8": ["REGULATION OF IMMUNE SYSTEM PROCESS", "DEFENSE RESPONSE", "RESPONSE TO BIOTIC STIMULUS", "REGULATION OF RESPONSE TO EXTERNAL STIMULUS", "IMMUNE EFFECTOR PROCESS", "GLYCOSYLATION", "REGULATION OF RESPONSE TO STRESS", "CELL ACTIVATION", "HUMORAL IMMUNE RESPONSE", "CARBOHYDRATE DERIVATIVE METABOLIC PROCESS", "CELL KILLING", "BIOLOGICAL ADHESION", "ADAPTIVE IMMUNE RESPONSE", "SECRETION", "EPITHELIAL STRUCTURE MAINTENANCE", "CYTOKINE PRODUCTION", "RESPONSE TO CYTOKINE", "BIOLOGICAL PROCESS INVOLVED IN INTERACTION WITH HOST", "ORGANONITROGEN COMPOUND BIOSYNTHETIC PROCESS", "INTEGRIN MEDIATED SIGNALING PATHWAY", "PHAGOCYTOSIS", "LEUKOCYTE MIGRATION", "LEUKOCYTE PROLIFERATION", "NEGATIVE REGULATION OF CELLULAR AMINE METABOLIC PROCESS", "REGULATION OF PEPTIDASE ACTIVITY", "NEGATIVE REGULATION OF PROTEOLYSIS", "VIRAL LIFE CYCLE", "CELLULAR RESPONSE TO LIPOPROTEIN PARTICLE STIMULUS", "AMYLOID BETA CLEARANCE", "POSITIVE REGULATION OF VASCULATURE DEVELOPMENT", "DIGESTIVE SYSTEM PROCESS", "REGULATION OF ISOMERASE ACTIVITY", "SYNAPSE PRUNING", "SPONTANEOUS SYNAPTIC TRANSMISSION", "NEURON REMODELING", "NEGATIVE REGULATION OF HYDROLASE ACTIVITY"], "SARS-CoV2 ORF9b": ["CYTOKINE PRODUCTION", "REGULATION OF RESPONSE TO EXTERNAL STIMULUS", "PROTEIN IMPORT", "IMMUNE EFFECTOR PROCESS", "REGULATION OF RESPONSE TO STRESS", "REGULATION OF IMMUNE SYSTEM PROCESS", "RESPONSE TO BIOTIC STIMULUS", "I KAPPAB KINASE NF KAPPAB SIGNALING", "DEFENSE RESPONSE", "PROTEIN INSERTION INTO MITOCHONDRIAL INNER MEMBRANE"], "SARS-CoV2 ORF9c": ["REGULATION OF IMMUNE SYSTEM PROCESS", "RESPONSE TO BIOTIC STIMULUS", "DEFENSE RESPONSE", "CYTOKINE PRODUCTION", "PROTEIN IMPORT"], "SARS-CoV2 ORF10": ["POST TRANSLATIONAL PROTEIN MODIFICATION", "PROTEIN MODIFICATION BY SMALL PROTEIN CONJUGATION OR REMOVAL", "ORGANONITROGEN COMPOUND CATABOLIC PROCESS", "MACROMOLECULE CATABOLIC PROCESS", "REGULATION OF DNA TEMPLATED TRANSCRIPTION IN RESPONSE TO STRESS", "DNA TEMPLATED TRANSCRIPTION ELONGATION", "PROTEOLYSIS"]}