{"SARS-CoV2 Nsp7": ["SECRETION", "IMMUNE EFFECTOR PROCESS", "CELL ACTIVATION", "PHAGOLYSOSOME ASSEMBLY", "ENDOPLASMIC RETICULUM TUBULAR NETWORK ORGANIZATION", "POLARIZED EPITHELIAL CELL DIFFERENTIATION", "REGULATION OF VESICLE MEDIATED TRANSPORT", "INTRACELLULAR TRANSPORT"], "SARS-CoV2 Nsp12": ["NECROTIC CELL DEATH", "I KAPPAB KINASE NF KAPPAB SIGNALING", "REGULATION OF HYDROLASE ACTIVITY", "POSITIVE REGULATION OF PROTEIN METABOLIC PROCESS", "REGULATION OF CELL DEATH", "POSITIVE REGULATION OF SIGNALING", "POSITIVE REGULATION OF MOLECULAR FUNCTION", "CELL KILLING", "REGULATION OF INTRACELLULAR SIGNAL TRANSDUCTION", "APOPTOTIC PROCESS", "PATTERN RECOGNITION RECEPTOR SIGNALING PATHWAY", "AMYLOID FIBRIL FORMATION", "CYTOKINE PRODUCTION", "IMMUNE SYSTEM DEVELOPMENT", "CELLULAR EXTRAVASATION", "RESPONSE TO INORGANIC SUBSTANCE", "REGULATION OF IMMUNE SYSTEM PROCESS", "RESPONSE TO OXYGEN CONTAINING COMPOUND", "PROTEOLYSIS", "LYMPHOCYTE ACTIVATION", "MONONUCLEAR CELL MIGRATION", "RESPONSE TO MECHANICAL STIMULUS", "PROTEIN AUTOPHOSPHORYLATION", "BIOLOGICAL PROCESS INVOLVED IN SYMBIOTIC INTERACTION", "HOMEOSTASIS OF NUMBER OF CELLS", "POSITIVE REGULATION OF GENE EXPRESSION", "POSITIVE REGULATION OF RESPONSE TO OXIDATIVE STRESS", "REACTIVE OXYGEN SPECIES METABOLIC PROCESS", "PROTEIN MATURATION", "RESPONSE TO CYTOKINE", "CELLULAR RESPONSE TO EXTERNAL STIMULUS", "LEUKOCYTE PROLIFERATION", "CELLULAR RESPONSE TO ABIOTIC STIMULUS", "POSITIVE REGULATION OF DEVELOPMENTAL PROCESS", "REGULATION OF LIGASE ACTIVITY", "NEURON DEATH", "CELLULAR RESPONSE TO CHEMICAL STRESS", "LYMPHOCYTE MEDIATED IMMUNITY", "RESPONSE TO VIRUS", "ADAPTIVE IMMUNE RESPONSE BASED ON SOMATIC RECOMBINATION OF IMMUNE RECEPTORS BUILT FROM IMMUNOGLOBULIN SUPERFAMILY DOMAINS", "POSITIVE REGULATION OF DEFENSE RESPONSE"], "SARS-CoV2 Nsp13": ["CYTOKINE PRODUCTION", "REGULATION OF RESPONSE TO EXTERNAL STIMULUS", "REGULATION OF RESPONSE TO CYTOKINE STIMULUS", "PATTERN RECOGNITION RECEPTOR SIGNALING PATHWAY", "REGULATION OF RESPONSE TO STRESS", "REGULATION OF IMMUNE SYSTEM PROCESS", "RESPONSE TO BIOTIC STIMULUS", "I KAPPAB KINASE NF KAPPAB SIGNALING", "DEFENSE RESPONSE", "PEPTIDYL SERINE MODIFICATION", "PROTEIN INSERTION INTO MITOCHONDRIAL INNER MEMBRANE", "PROCESS UTILIZING AUTOPHAGIC MECHANISM", "PROTEIN IMPORT INTO MITOCHONDRIAL MATRIX"], "SARS-CoV2 Nsp14": ["GLYCOSYL COMPOUND METABOLIC PROCESS", "INFLAMMATORY RESPONSE TO ANTIGENIC STIMULUS", "NUCLEOSIDE MONOPHOSPHATE METABOLIC PROCESS", "RESPONSE TO CYTOKINE", "NUCLEOSIDE TRIPHOSPHATE METABOLIC PROCESS", "NUCLEOBASE CONTAINING SMALL MOLECULE BIOSYNTHETIC PROCESS", "MYELOID LEUKOCYTE MEDIATED IMMUNITY", "CELL ACTIVATION", "SECRETION"], "SARS-CoV2 ORF3a": [], "SARS-CoV2 M": ["IMMUNE EFFECTOR PROCESS", "HUMORAL IMMUNE RESPONSE", "REGULATION OF IMMUNE SYSTEM PROCESS", "DEFENSE RESPONSE", "ADAPTIVE IMMUNE RESPONSE", "CELL ACTIVATION", "RESPONSE TO BIOTIC STIMULUS", "SECRETION", "REGULATION OF RESPONSE TO EXTERNAL STIMULUS", "CYTOKINE PRODUCTION", "BIOLOGICAL PROCESS INVOLVED IN SYMBIOTIC INTERACTION", "CELL CHEMOTAXIS", "LEUKOCYTE MIGRATION", "PHAGOCYTOSIS", "CELLULAR HOMEOSTASIS", "PHOSPHOLIPASE C ACTIVATING G PROTEIN COUPLED RECEPTOR SIGNALING PATHWAY", "PROTEOLYSIS", "ION HOMEOSTASIS", "REGULATION OF VESICLE MEDIATED TRANSPORT", "NEGATIVE REGULATION OF CATALYTIC ACTIVITY", "CYTOLYSIS", "LEUKOCYTE PROLIFERATION", "POSITIVE REGULATION OF TRANSPORT", "REGULATION OF VASCULATURE DEVELOPMENT", "AMYLOID BETA CLEARANCE", "POSITIVE REGULATION OF DEVELOPMENTAL PROCESS"], "SARS-CoV2 ORF8": ["CELL ACTIVATION", "IMMUNE EFFECTOR PROCESS", "RESPONSE TO CYTOKINE", "BIOLOGICAL ADHESION", "INTEGRIN MEDIATED SIGNALING PATHWAY", "REGULATION OF IMMUNE SYSTEM PROCESS", "CELL KILLING", "DEFENSE RESPONSE", "SECRETION", "INTERFERON GAMMA PRODUCTION", "NEGATIVE REGULATION OF CELLULAR AMINE METABOLIC PROCESS", "RESPONSE TO BIOTIC STIMULUS", "LEUKOCYTE MIGRATION", "REGULATION OF ISOMERASE ACTIVITY", "EXTERNAL ENCAPSULATING STRUCTURE ORGANIZATION", "REGULATION OF CATECHOLAMINE METABOLIC PROCESS", "REGULATION OF RESPONSE TO EXTERNAL STIMULUS", "REGULATION OF RESPONSE TO STRESS", "POSITIVE REGULATION OF PROTEIN LOCALIZATION TO MEMBRANE", "REGULATION OF SUPEROXIDE METABOLIC PROCESS", "CELLULAR RESPONSE TO LIPOPROTEIN PARTICLE STIMULUS", "SUPEROXIDE ANION GENERATION", "REGULATION OF PROTEIN TARGETING TO MEMBRANE", "ENTRY INTO HOST"], "SARS-CoV2 ORF9b": ["CYTOKINE PRODUCTION", "REGULATION OF RESPONSE TO EXTERNAL STIMULUS", "PROTEIN IMPORT", "IMMUNE EFFECTOR PROCESS", "REGULATION OF RESPONSE TO STRESS", "REGULATION OF IMMUNE SYSTEM PROCESS", "RESPONSE TO BIOTIC STIMULUS", "I KAPPAB KINASE NF KAPPAB SIGNALING", "DEFENSE RESPONSE", "PROTEIN INSERTION INTO MITOCHONDRIAL INNER MEMBRANE"], "SARS-CoV2 ORF9c": ["RESPONSE TO BIOTIC STIMULUS", "DEFENSE RESPONSE", "CYTOKINE PRODUCTION", "REGULATION OF IMMUNE RESPONSE", "PROTEIN IMPORT", "REGULATION OF RESPONSE TO EXTERNAL STIMULUS", "IMMUNE EFFECTOR PROCESS", "I KAPPAB KINASE NF KAPPAB SIGNALING"], "SARS-CoV2 ORF10": ["REGULATION OF DNA TEMPLATED TRANSCRIPTION IN RESPONSE TO STRESS", "DNA TEMPLATED TRANSCRIPTION ELONGATION", "POST TRANSLATIONAL PROTEIN MODIFICATION", "RESPONSE TO OXYGEN LEVELS", "MODIFICATION DEPENDENT MACROMOLECULE CATABOLIC PROCESS", "PROTEIN CATABOLIC PROCESS", "PROTEIN MODIFICATION BY SMALL PROTEIN CONJUGATION", "BIOLOGICAL PROCESS INVOLVED IN SYMBIOTIC INTERACTION"]}