{"SARS-CoV2 Nsp2": [], "SARS-CoV2 Nsp7": ["IMMUNE EFFECTOR PROCESS", "HUMORAL IMMUNE RESPONSE", "CELL ACTIVATION", "SECRETION", "REGULATION OF IMMUNE SYSTEM PROCESS", "DEFENSE RESPONSE", "RESPONSE TO BIOTIC STIMULUS", "ADAPTIVE IMMUNE RESPONSE", "BIOLOGICAL PROCESS INVOLVED IN SYMBIOTIC INTERACTION", "PHAGOCYTOSIS", "CYTOKINE PRODUCTION", "LEUKOCYTE MIGRATION", "REGULATION OF RESPONSE TO EXTERNAL STIMULUS", "PROTEOLYSIS", "ENDOPLASMIC RETICULUM TUBULAR NETWORK ORGANIZATION", "TAXIS", "CELLULAR ION HOMEOSTASIS", "POLARIZED EPITHELIAL CELL DIFFERENTIATION", "PHOSPHOLIPASE C ACTIVATING G PROTEIN COUPLED RECEPTOR SIGNALING PATHWAY", "REGULATION OF HYDROLASE ACTIVITY", "POSITIVE REGULATION OF CELL CELL ADHESION", "REGULATION OF TRANSPORT", "REGULATION OF MULTICELLULAR ORGANISMAL DEVELOPMENT", "CYTOLYSIS"], "SARS-CoV2 Nsp12": ["NECROTIC CELL DEATH", "I KAPPAB KINASE NF KAPPAB SIGNALING", "PATTERN RECOGNITION RECEPTOR SIGNALING PATHWAY", "APOPTOTIC PROCESS", "POSITIVE REGULATION OF PROTEIN METABOLIC PROCESS", "CYTOKINE PRODUCTION", "RESPONSE TO OXYGEN CONTAINING COMPOUND", "REGULATION OF CELL DEATH", "POSITIVE REGULATION OF SIGNALING", "POSITIVE REGULATION OF MOLECULAR FUNCTION", "REGULATION OF INTRACELLULAR SIGNAL TRANSDUCTION", "CELL KILLING", "REGULATION OF HYDROLASE ACTIVITY", "AMYLOID FIBRIL FORMATION", "REGULATION OF RESPONSE TO CYTOKINE STIMULUS", "NEGATIVE REGULATION OF SIGNALING", "REGULATION OF IMMUNE SYSTEM PROCESS", "RESPONSE TO BIOTIC STIMULUS", "NEGATIVE REGULATION OF RESPONSE TO STIMULUS", "REACTIVE OXYGEN SPECIES METABOLIC PROCESS", "LEUKOCYTE PROLIFERATION", "DEFENSE RESPONSE", "NEURON DEATH", "IMMUNE SYSTEM DEVELOPMENT", "BIOLOGICAL PROCESS INVOLVED IN SYMBIOTIC INTERACTION", "CELLULAR EXTRAVASATION", "POSITIVE REGULATION OF GENE EXPRESSION", "LEUKOCYTE HOMEOSTASIS", "REGULATION OF DNA BINDING TRANSCRIPTION FACTOR ACTIVITY", "T CELL MEDIATED IMMUNITY", "RESPONSE TO INORGANIC SUBSTANCE", "POSITIVE REGULATION OF MULTICELLULAR ORGANISMAL PROCESS", "CELL ACTIVATION", "MONONUCLEAR CELL MIGRATION", "RESPONSE TO MECHANICAL STIMULUS", "CYTOKINE MEDIATED SIGNALING PATHWAY", "PYRIDINE CONTAINING COMPOUND CATABOLIC PROCESS", "PROTEOLYSIS", "POSITIVE REGULATION OF RESPONSE TO OXIDATIVE STRESS", "POSITIVE REGULATION OF CELL DIFFERENTIATION", "PROTEIN AUTOPHOSPHORYLATION"], "SARS-CoV2 Nsp13": ["CYTOKINE PRODUCTION", "REGULATION OF RESPONSE TO EXTERNAL STIMULUS", "REGULATION OF RESPONSE TO CYTOKINE STIMULUS", "PATTERN RECOGNITION RECEPTOR SIGNALING PATHWAY", "REGULATION OF RESPONSE TO STRESS", "REGULATION OF IMMUNE SYSTEM PROCESS", "RESPONSE TO BIOTIC STIMULUS", "I KAPPAB KINASE NF KAPPAB SIGNALING", "DEFENSE RESPONSE", "PEPTIDYL SERINE MODIFICATION", "PROTEIN INSERTION INTO MITOCHONDRIAL INNER MEMBRANE", "PROCESS UTILIZING AUTOPHAGIC MECHANISM", "PROTEIN IMPORT INTO MITOCHONDRIAL MATRIX"], "SARS-CoV2 Nsp14": ["GLYCOSYL COMPOUND METABOLIC PROCESS", "INFLAMMATORY RESPONSE TO ANTIGENIC STIMULUS", "NUCLEOSIDE MONOPHOSPHATE METABOLIC PROCESS", "RESPONSE TO CYTOKINE", "NUCLEOSIDE TRIPHOSPHATE METABOLIC PROCESS", "NUCLEOBASE CONTAINING SMALL MOLECULE BIOSYNTHETIC PROCESS", "MYELOID LEUKOCYTE MEDIATED IMMUNITY", "CELL ACTIVATION", "SECRETION"], "SARS-CoV2 ORF3a": [], "SARS-CoV2 M": ["IMMUNE EFFECTOR PROCESS", "HUMORAL IMMUNE RESPONSE", "REGULATION OF IMMUNE SYSTEM PROCESS", "DEFENSE RESPONSE", "ADAPTIVE IMMUNE RESPONSE", "RESPONSE TO BIOTIC STIMULUS", "CELL ACTIVATION", "CELL KILLING", "REGULATION OF RESPONSE TO EXTERNAL STIMULUS", "SECRETION", "CYTOKINE PRODUCTION", "LEUKOCYTE PROLIFERATION", "CYTOLYSIS", "NEGATIVE REGULATION OF PROTEOLYSIS", "BIOLOGICAL PROCESS INVOLVED IN SYMBIOTIC INTERACTION", "REGULATION OF CELL CELL ADHESION", "REGULATION OF PEPTIDASE ACTIVITY", "NEGATIVE REGULATION OF HYDROLASE ACTIVITY", "CELL CHEMOTAXIS", "LEUKOCYTE MIGRATION", "POSITIVE REGULATION OF VASCULATURE DEVELOPMENT", "LEUKOCYTE CELL CELL ADHESION", "PHAGOCYTOSIS", "POSITIVE REGULATION OF GENE EXPRESSION", "MONONUCLEAR CELL DIFFERENTIATION", "PHOSPHOLIPASE C ACTIVATING G PROTEIN COUPLED RECEPTOR SIGNALING PATHWAY", "POSITIVE REGULATION OF TRANSPORT", "POSITIVE REGULATION OF CELL ADHESION", "CELLULAR HOMEOSTASIS", "POSITIVE REGULATION OF CELL POPULATION PROLIFERATION", "SALIVARY GLAND DEVELOPMENT"], "SARS-CoV2 ORF8": ["REGULATION OF IMMUNE SYSTEM PROCESS", "GLYCOSYLATION", "RESPONSE TO BIOTIC STIMULUS", "DEFENSE RESPONSE", "REGULATION OF RESPONSE TO EXTERNAL STIMULUS", "REGULATION OF RESPONSE TO STRESS", "CARBOHYDRATE DERIVATIVE METABOLIC PROCESS", "CELL ACTIVATION", "IMMUNE EFFECTOR PROCESS", "CELL KILLING", "BIOLOGICAL ADHESION", "ORGANONITROGEN COMPOUND BIOSYNTHETIC PROCESS", "RESPONSE TO CYTOKINE", "INTEGRIN MEDIATED SIGNALING PATHWAY", "NEGATIVE REGULATION OF CELLULAR AMINE METABOLIC PROCESS", "CELLULAR RESPONSE TO LIPOPROTEIN PARTICLE STIMULUS", "INTERFERON GAMMA PRODUCTION", "REGULATION OF ISOMERASE ACTIVITY", "SECRETION", "DIGESTION", "TISSUE HOMEOSTASIS", "REGULATION OF CATECHOLAMINE METABOLIC PROCESS", "CELLULAR EXTRAVASATION"], "SARS-CoV2 ORF9b": ["CYTOKINE PRODUCTION", "REGULATION OF RESPONSE TO EXTERNAL STIMULUS", "PROTEIN IMPORT", "IMMUNE EFFECTOR PROCESS", "REGULATION OF RESPONSE TO STRESS", "REGULATION OF IMMUNE SYSTEM PROCESS", "RESPONSE TO BIOTIC STIMULUS", "I KAPPAB KINASE NF KAPPAB SIGNALING", "DEFENSE RESPONSE", "PROTEIN INSERTION INTO MITOCHONDRIAL INNER MEMBRANE"], "SARS-CoV2 ORF9c": ["REGULATION OF IMMUNE SYSTEM PROCESS", "RESPONSE TO BIOTIC STIMULUS", "DEFENSE RESPONSE", "CYTOKINE PRODUCTION", "PROTEIN IMPORT"], "SARS-CoV2 ORF10": ["POST TRANSLATIONAL PROTEIN MODIFICATION", "PROTEIN MODIFICATION BY SMALL PROTEIN CONJUGATION OR REMOVAL", "ORGANONITROGEN COMPOUND CATABOLIC PROCESS", "MACROMOLECULE CATABOLIC PROCESS", "PROTEOLYSIS", "REGULATION OF DNA TEMPLATED TRANSCRIPTION IN RESPONSE TO STRESS", "DNA TEMPLATED TRANSCRIPTION ELONGATION", "BIOLOGICAL PROCESS INVOLVED IN SYMBIOTIC INTERACTION", "RESPONSE TO OXYGEN LEVELS"]}