{"SARS-CoV2 Nsp2": ["SLC27A2", "EIF4E2", "CARD9"], "SARS-CoV2 Nsp7": ["CYB5R3", "RALA", "RAB5C", "RAB7A", "RAB10", "RAB14", "RHOA", "PTGES2", "RAB18", "C3", "C3AR1", "CFB", "C2", "C4B", "C4A", "C5", "C5AR1", "STOM", "CD55", "CR1", "HMOX2", "CFI", "CFH", "CFHR3", "CD46", "CR2", "C5AR2", "PROS1"], "SARS-CoV2 Nsp8": ["HECTD1"], "SARS-CoV2 Nsp10": ["AP2A2"], "SARS-CoV2 Nsp12": ["RIPK1", "TICAM1", "RIPK3", "FADD", "CASP8", "SARM1", "CASP10"], "SARS-CoV2 Nsp13": ["TBK1", "IKBKE", "TOMM70"], "SARS-CoV2 Nsp14": ["GLA", "IMPDH2", "IL36RN", "IL1F10", "IL1RL2", "IL1RAPL1", "IMPDH1"], "SARS-CoV2 Nsp15": ["RNF41"], "SARS-CoV2 Spike": ["GOLGA7"], "SARS-CoV2 ORF3a": ["HMOX1", "STX1A"], "SARS-CoV2 E": ["SLC44A2"], "SARS-CoV2 M": ["STOM", "ANO6", "C3", "C3AR1", "CFB", "C2", "C4B", "C4A", "C5", "C5AR1", "IL7R", "PDCD1LG2", "MCEMP1", "ATP6V0C", "CD55", "CR1", "CYB5R3", "HMOX2", "CFI", "CFH", "CFHR3", "CD46", "CR2", "C6", "C5AR2", "PROS1", "EDAR", "EDA", "EDA2R", "KLRC1", "KLRD1", "KLRG1", "CDH1"], "SARS-CoV2 ORF8": ["ITGB1", "PVR", "NPC2", "GGH", "IL17RA", "NEU1", "ERP44", "IL11", "IL11RA", "CD47", "ITGB2", "ITGAM", "ITGAX", "OLFM4", "CTSA", "CD68", "MUC12", "MUC17", "MUCL1", "MUC5B", "MUC3A", "MUC1", "MUC15", "MUC20", "MUC7", "MUC4", "MUC16", "MUC2", "MUC19", "MUC3B", "MUC21", "MUC13", "MUC6", "MUC5AC", "TNFRSF25", "TNFSF15", "TNFRSF6B", "TNFSF14", "TNFSF6", "FCER2", "NECTIN2", "CRTAM", "CD226", "CD96", "KIR2DL2", "KIR2DL3"], "SARS-CoV2 ORF9b": ["TOMM70", "MAVS", "NLRX1"], "SARS-CoV2 ORF9c": ["NLRX1", "ECSIT", "MAP3K1", "MAVS", "TOMM70"], "SARS-CoV2 N": ["CSNK2B"], "SARS-CoV2 ORF10": ["ELOC", "ELOB", "RNF7", "CUL5"]}