{"SARS-CoV2 Nsp2": ["SLC27A2", "EIF4E2"], "SARS-CoV2 Nsp7": ["CYB5R3", "RALA", "RAB5C", "RAB7A", "RAB10", "RAB14", "RHOA", "PTGES2", "RAB18"], "SARS-CoV2 Nsp8": ["HECTD1"], "SARS-CoV2 Nsp10": ["AP2A2"], "SARS-CoV2 Nsp12": ["RIPK1"], "SARS-CoV2 Nsp13": ["TBK1"], "SARS-CoV2 Nsp14": ["GLA", "IMPDH2"], "SARS-CoV2 Nsp15": ["RNF41"], "SARS-CoV2 Spike": ["GOLGA7"], "SARS-CoV2 ORF3a": ["HMOX1"], "SARS-CoV2 E": ["SLC44A2"], "SARS-CoV2 M": ["STOM", "ANO6"], "SARS-CoV2 ORF8": ["ITGB1", "PVR", "NPC2", "GGH", "IL17RA", "NEU1", "ERP44"], "SARS-CoV2 ORF9b": ["TOMM70"], "SARS-CoV2 ORF9c": ["NLRX1", "ECSIT"], "SARS-CoV2 N": ["CSNK2B"], "SARS-CoV2 ORF10": ["ELOC", "ELOB"]}